source_id,company,vendor,kind,filename,raw_rel_path,status,compiled_into,notes
logo-wave-20260917,HUSHFUSION,需方,image,logo-wave-1254.png,internal_sources/logo/logo-wave-1254.png,compiled,assets/icons.manifest.json; icons/favicon-32.png; icons/apple-touch-icon.png; assets/brand/mark-wave.png; assets/brand/app-icon.png; assets/brand/app-icon--day.png; icons/favicon-32--day.png; icons/apple-touch-icon--day.png,"消音波形图标(白线波形 + 中线,深蓝底 #042366,1254×1254);sha256 bb25bf8911fa095ae3ef06a6348525b9f91fb96724ca050e8cb0bb341dc116e5;需方 2026-09-17 提供,用于替换全站图标/顶栏标识"
art-plasma-ring,HUSHFUSION,需方,image,plasma-ring.png,assets/art/plasma-ring.png,compiled,assets/manifest.json; docs/ASSETS.md,插画切片(等离子环);自源图 clip_20260917_101147_1.png 裁剪
brand-app-icon,HUSHFUSION,需方,image,app-icon.png,assets/brand/app-icon.png,compiled,index.html; assets/manifest.json; docs/ASSETS.md,品牌切片(主标/标志/标语/纹理);自源图 clip_20260917_101147_1.png 裁剪
brand-app-icon-day,HUSHFUSION,需方,image,app-icon--day.png,assets/brand/app-icon--day.png,compiled,assets/icons.manifest.json; docs/ASSETS.md,应用图标槽位(昼间配色 浅海蓝绿底 #C9DDD5 + 深墨绿波形 #11302A);由需方消音波形标识派生(见 logo-wave-1254 行)
brand-list-frc,HUSHFUSION,需方,image,list-frc.png,assets/brand/list-frc.png,compiled,index.html; assets/manifest.json; docs/ASSETS.md,品牌切片(主标/标志/标语/纹理);自源图 clip_20260917_101147_1.png 裁剪
brand-mark-bolt-white,HUSHFUSION,需方,image,mark-bolt--white.png,assets/brand/mark-bolt--white.png,compiled,index.html; assets/manifest.json; docs/ASSETS.md,品牌切片(主标/标志/标语/纹理);自源图 clip_20260917_101147_1.png 裁剪
brand-mark-wave,HUSHFUSION,需方,image,mark-wave.png,assets/brand/mark-wave.png,compiled,index.html; assets/manifest.json; docs/ASSETS.md,品牌切片(主标/标志/标语/纹理);自源图 clip_20260917_101147_1.png 裁剪
brand-slogan-cn,HUSHFUSION,需方,image,slogan-cn.png,assets/brand/slogan-cn.png,compiled,index.html; assets/manifest.json; docs/ASSETS.md,品牌切片(主标/标志/标语/纹理);自源图 clip_20260917_101147_1.png 裁剪
brand-tile-vortex,HUSHFUSION,需方,image,tile-vortex.png,assets/brand/tile-vortex.png,compiled,index.html; assets/manifest.json; docs/ASSETS.md,品牌切片(主标/标志/标语/纹理);自源图 clip_20260917_101147_1.png 裁剪
cover-thumbnail-133,HUSHFUSION,bolloon,image,thumbnail_133.jpg,assets/cover/thumbnail_133.jpg,compiled,docs/ASSETS.md,"点缀素材池(512×682 笔触封面);原样复制自 bolloon 项目,tools/import_covers.py 登记"
cover-thumbnail-134,HUSHFUSION,bolloon,image,thumbnail_134.jpg,assets/cover/thumbnail_134.jpg,compiled,docs/ASSETS.md,"点缀素材池(512×682 笔触封面);原样复制自 bolloon 项目,tools/import_covers.py 登记"
cover-thumbnail-135,HUSHFUSION,bolloon,image,thumbnail_135.jpg,assets/cover/thumbnail_135.jpg,compiled,docs/ASSETS.md,"点缀素材池(512×682 笔触封面);原样复制自 bolloon 项目,tools/import_covers.py 登记"
cover-thumbnail-136,HUSHFUSION,bolloon,image,thumbnail_136.jpg,assets/cover/thumbnail_136.jpg,compiled,docs/ASSETS.md,"点缀素材池(512×682 笔触封面);原样复制自 bolloon 项目,tools/import_covers.py 登记"
cover-thumbnail-139,HUSHFUSION,bolloon,image,thumbnail_139.jpg,assets/cover/thumbnail_139.jpg,compiled,docs/ASSETS.md,"点缀素材池(512×682 笔触封面);原样复制自 bolloon 项目,tools/import_covers.py 登记"
cover-thumbnail-140,HUSHFUSION,bolloon,image,thumbnail_140.jpg,assets/cover/thumbnail_140.jpg,compiled,docs/ASSETS.md,"点缀素材池(512×682 笔触封面);原样复制自 bolloon 项目,tools/import_covers.py 登记"
cover-thumbnail-141,HUSHFUSION,bolloon,image,thumbnail_141.jpg,assets/cover/thumbnail_141.jpg,compiled,docs/ASSETS.md,"点缀素材池(512×682 笔触封面);原样复制自 bolloon 项目,tools/import_covers.py 登记"
cover-thumbnail-157,HUSHFUSION,bolloon,image,thumbnail_157.jpg,assets/cover/thumbnail_157.jpg,compiled,docs/ASSETS.md,"点缀素材池(512×682 笔触封面);原样复制自 bolloon 项目,tools/import_covers.py 登记"
cover-thumbnail-17,HUSHFUSION,bolloon,image,thumbnail_17.jpg,assets/cover/thumbnail_17.jpg,compiled,docs/ASSETS.md,"点缀素材池(512×682 笔触封面);原样复制自 bolloon 项目,tools/import_covers.py 登记"
cover-thumbnail-18,HUSHFUSION,bolloon,image,thumbnail_18.jpg,assets/cover/thumbnail_18.jpg,compiled,docs/ASSETS.md,"点缀素材池(512×682 笔触封面);原样复制自 bolloon 项目,tools/import_covers.py 登记"
cover-thumbnail-184,HUSHFUSION,bolloon,image,thumbnail_184.jpg,assets/cover/thumbnail_184.jpg,compiled,docs/ASSETS.md,"点缀素材池(512×682 笔触封面);原样复制自 bolloon 项目,tools/import_covers.py 登记"
cover-thumbnail-189,HUSHFUSION,bolloon,image,thumbnail_189.jpg,assets/cover/thumbnail_189.jpg,compiled,docs/ASSETS.md,"点缀素材池(512×682 笔触封面);原样复制自 bolloon 项目,tools/import_covers.py 登记"
cover-thumbnail-190,HUSHFUSION,bolloon,image,thumbnail_190.jpg,assets/cover/thumbnail_190.jpg,compiled,docs/ASSETS.md,"点缀素材池(512×682 笔触封面);原样复制自 bolloon 项目,tools/import_covers.py 登记"
cover-thumbnail-215,HUSHFUSION,bolloon,image,thumbnail_215.jpg,assets/cover/thumbnail_215.jpg,compiled,docs/ASSETS.md,"点缀素材池(512×682 笔触封面);原样复制自 bolloon 项目,tools/import_covers.py 登记"
cover-thumbnail-216,HUSHFUSION,bolloon,image,thumbnail_216.jpg,assets/cover/thumbnail_216.jpg,compiled,docs/ASSETS.md,"点缀素材池(512×682 笔触封面);原样复制自 bolloon 项目,tools/import_covers.py 登记"
cover-thumbnail-219,HUSHFUSION,bolloon,image,thumbnail_219.jpg,assets/cover/thumbnail_219.jpg,compiled,docs/ASSETS.md,"点缀素材池(512×682 笔触封面);原样复制自 bolloon 项目,tools/import_covers.py 登记"
cover-thumbnail-238,HUSHFUSION,bolloon,image,thumbnail_238.jpg,assets/cover/thumbnail_238.jpg,compiled,docs/ASSETS.md,"点缀素材池(512×682 笔触封面);原样复制自 bolloon 项目,tools/import_covers.py 登记"
cover-thumbnail-250,HUSHFUSION,bolloon,image,thumbnail_250.jpg,assets/cover/thumbnail_250.jpg,compiled,docs/ASSETS.md,"点缀素材池(512×682 笔触封面);原样复制自 bolloon 项目,tools/import_covers.py 登记"
cover-thumbnail-251,HUSHFUSION,bolloon,image,thumbnail_251.jpg,assets/cover/thumbnail_251.jpg,compiled,docs/ASSETS.md,"点缀素材池(512×682 笔触封面);原样复制自 bolloon 项目,tools/import_covers.py 登记"
cover-thumbnail-26,HUSHFUSION,bolloon,image,thumbnail_26.jpg,assets/cover/thumbnail_26.jpg,compiled,docs/ASSETS.md,"点缀素材池(512×682 笔触封面);原样复制自 bolloon 项目,tools/import_covers.py 登记"
cover-thumbnail-28,HUSHFUSION,bolloon,image,thumbnail_28.jpg,assets/cover/thumbnail_28.jpg,compiled,docs/ASSETS.md,"点缀素材池(512×682 笔触封面);原样复制自 bolloon 项目,tools/import_covers.py 登记"
cover-thumbnail-31,HUSHFUSION,bolloon,image,thumbnail_31.jpg,assets/cover/thumbnail_31.jpg,compiled,docs/ASSETS.md,"点缀素材池(512×682 笔触封面);原样复制自 bolloon 项目,tools/import_covers.py 登记"
cover-thumbnail-334,HUSHFUSION,bolloon,image,thumbnail_334.jpg,assets/cover/thumbnail_334.jpg,compiled,docs/ASSETS.md,"点缀素材池(512×682 笔触封面);原样复制自 bolloon 项目,tools/import_covers.py 登记"
cover-thumbnail-36,HUSHFUSION,bolloon,image,thumbnail_36.jpg,assets/cover/thumbnail_36.jpg,compiled,docs/ASSETS.md,"点缀素材池(512×682 笔触封面);原样复制自 bolloon 项目,tools/import_covers.py 登记"
cover-thumbnail-375,HUSHFUSION,bolloon,image,thumbnail_375.jpg,assets/cover/thumbnail_375.jpg,compiled,docs/ASSETS.md,"点缀素材池(512×682 笔触封面);原样复制自 bolloon 项目,tools/import_covers.py 登记"
cover-thumbnail-42,HUSHFUSION,bolloon,image,thumbnail_42.jpg,assets/cover/thumbnail_42.jpg,compiled,docs/ASSETS.md,"点缀素材池(512×682 笔触封面);原样复制自 bolloon 项目,tools/import_covers.py 登记"
cover-thumbnail-43,HUSHFUSION,bolloon,image,thumbnail_43.jpg,assets/cover/thumbnail_43.jpg,compiled,docs/ASSETS.md,"点缀素材池(512×682 笔触封面);原样复制自 bolloon 项目,tools/import_covers.py 登记"
cover-thumbnail-439,HUSHFUSION,bolloon,image,thumbnail_439.jpg,assets/cover/thumbnail_439.jpg,compiled,docs/ASSETS.md,"点缀素材池(512×682 笔触封面);原样复制自 bolloon 项目,tools/import_covers.py 登记"
cover-thumbnail-44,HUSHFUSION,bolloon,image,thumbnail_44.jpg,assets/cover/thumbnail_44.jpg,compiled,docs/ASSETS.md,"点缀素材池(512×682 笔触封面);原样复制自 bolloon 项目,tools/import_covers.py 登记"
cover-thumbnail-442,HUSHFUSION,bolloon,image,thumbnail_442.jpg,assets/cover/thumbnail_442.jpg,compiled,docs/ASSETS.md,"点缀素材池(512×682 笔触封面);原样复制自 bolloon 项目,tools/import_covers.py 登记"
cover-thumbnail-447,HUSHFUSION,bolloon,image,thumbnail_447.jpg,assets/cover/thumbnail_447.jpg,compiled,docs/ASSETS.md,"点缀素材池(512×682 笔触封面);原样复制自 bolloon 项目,tools/import_covers.py 登记"
cover-thumbnail-45,HUSHFUSION,bolloon,image,thumbnail_45.jpg,assets/cover/thumbnail_45.jpg,compiled,docs/ASSETS.md,"点缀素材池(512×682 笔触封面);原样复制自 bolloon 项目,tools/import_covers.py 登记"
cover-thumbnail-450,HUSHFUSION,bolloon,image,thumbnail_450.jpg,assets/cover/thumbnail_450.jpg,compiled,docs/ASSETS.md,"点缀素材池(512×682 笔触封面);原样复制自 bolloon 项目,tools/import_covers.py 登记"
cover-thumbnail-452,HUSHFUSION,bolloon,image,thumbnail_452.jpg,assets/cover/thumbnail_452.jpg,compiled,docs/ASSETS.md,"点缀素材池(512×682 笔触封面);原样复制自 bolloon 项目,tools/import_covers.py 登记"
cover-thumbnail-46,HUSHFUSION,bolloon,image,thumbnail_46.jpg,assets/cover/thumbnail_46.jpg,compiled,docs/ASSETS.md,"点缀素材池(512×682 笔触封面);原样复制自 bolloon 项目,tools/import_covers.py 登记"
cover-thumbnail-468,HUSHFUSION,bolloon,image,thumbnail_468.jpg,assets/cover/thumbnail_468.jpg,compiled,docs/ASSETS.md,"点缀素材池(512×682 笔触封面);原样复制自 bolloon 项目,tools/import_covers.py 登记"
cover-thumbnail-469,HUSHFUSION,bolloon,image,thumbnail_469.jpg,assets/cover/thumbnail_469.jpg,compiled,docs/ASSETS.md,"点缀素材池(512×682 笔触封面);原样复制自 bolloon 项目,tools/import_covers.py 登记"
cover-thumbnail-47,HUSHFUSION,bolloon,image,thumbnail_47.jpg,assets/cover/thumbnail_47.jpg,compiled,docs/ASSETS.md,"点缀素材池(512×682 笔触封面);原样复制自 bolloon 项目,tools/import_covers.py 登记"
cover-thumbnail-479,HUSHFUSION,bolloon,image,thumbnail_479.jpg,assets/cover/thumbnail_479.jpg,compiled,docs/ASSETS.md,"点缀素材池(512×682 笔触封面);原样复制自 bolloon 项目,tools/import_covers.py 登记"
cover-thumbnail-503,HUSHFUSION,bolloon,image,thumbnail_503.jpg,assets/cover/thumbnail_503.jpg,compiled,docs/ASSETS.md,"点缀素材池(512×682 笔触封面);原样复制自 bolloon 项目,tools/import_covers.py 登记"
cover-thumbnail-507,HUSHFUSION,bolloon,image,thumbnail_507.jpg,assets/cover/thumbnail_507.jpg,compiled,docs/ASSETS.md,"点缀素材池(512×682 笔触封面);原样复制自 bolloon 项目,tools/import_covers.py 登记"
cover-thumbnail-509,HUSHFUSION,bolloon,image,thumbnail_509.jpg,assets/cover/thumbnail_509.jpg,compiled,docs/ASSETS.md,"点缀素材池(512×682 笔触封面);原样复制自 bolloon 项目,tools/import_covers.py 登记"
cover-thumbnail-510,HUSHFUSION,bolloon,image,thumbnail_510.jpg,assets/cover/thumbnail_510.jpg,compiled,docs/ASSETS.md,"点缀素材池(512×682 笔触封面);原样复制自 bolloon 项目,tools/import_covers.py 登记"
cover-thumbnail-511,HUSHFUSION,bolloon,image,thumbnail_511.jpg,assets/cover/thumbnail_511.jpg,compiled,docs/ASSETS.md,"点缀素材池(512×682 笔触封面);原样复制自 bolloon 项目,tools/import_covers.py 登记"
cover-thumbnail-526,HUSHFUSION,bolloon,image,thumbnail_526.jpg,assets/cover/thumbnail_526.jpg,compiled,docs/ASSETS.md,"点缀素材池(512×682 笔触封面);原样复制自 bolloon 项目,tools/import_covers.py 登记"
cover-thumbnail-527,HUSHFUSION,bolloon,image,thumbnail_527.jpg,assets/cover/thumbnail_527.jpg,compiled,docs/ASSETS.md,"点缀素材池(512×682 笔触封面);原样复制自 bolloon 项目,tools/import_covers.py 登记"
cover-thumbnail-534,HUSHFUSION,bolloon,image,thumbnail_534.jpg,assets/cover/thumbnail_534.jpg,compiled,docs/ASSETS.md,"点缀素材池(512×682 笔触封面);原样复制自 bolloon 项目,tools/import_covers.py 登记"
cover-thumbnail-536,HUSHFUSION,bolloon,image,thumbnail_536.jpg,assets/cover/thumbnail_536.jpg,compiled,docs/ASSETS.md,"点缀素材池(512×682 笔触封面);原样复制自 bolloon 项目,tools/import_covers.py 登记"
cover-thumbnail-544,HUSHFUSION,bolloon,image,thumbnail_544.jpg,assets/cover/thumbnail_544.jpg,compiled,docs/ASSETS.md,"点缀素材池(512×682 笔触封面);原样复制自 bolloon 项目,tools/import_covers.py 登记"
cover-thumbnail-574,HUSHFUSION,bolloon,image,thumbnail_574.jpg,assets/cover/thumbnail_574.jpg,compiled,docs/ASSETS.md,"点缀素材池(512×682 笔触封面);原样复制自 bolloon 项目,tools/import_covers.py 登记"
cover-thumbnail-584,HUSHFUSION,bolloon,image,thumbnail_584.jpg,assets/cover/thumbnail_584.jpg,compiled,docs/ASSETS.md,"点缀素材池(512×682 笔触封面);原样复制自 bolloon 项目,tools/import_covers.py 登记"
cover-thumbnail-585,HUSHFUSION,bolloon,image,thumbnail_585.jpg,assets/cover/thumbnail_585.jpg,compiled,docs/ASSETS.md,"点缀素材池(512×682 笔触封面);原样复制自 bolloon 项目,tools/import_covers.py 登记"
cover-thumbnail-593,HUSHFUSION,bolloon,image,thumbnail_593.jpg,assets/cover/thumbnail_593.jpg,compiled,docs/ASSETS.md,"点缀素材池(512×682 笔触封面);原样复制自 bolloon 项目,tools/import_covers.py 登记"
cover-thumbnail-611,HUSHFUSION,bolloon,image,thumbnail_611.jpg,assets/cover/thumbnail_611.jpg,compiled,docs/ASSETS.md,"点缀素材池(512×682 笔触封面);原样复制自 bolloon 项目,tools/import_covers.py 登记"
cover-thumbnail-612,HUSHFUSION,bolloon,image,thumbnail_612.jpg,assets/cover/thumbnail_612.jpg,compiled,docs/ASSETS.md,"点缀素材池(512×682 笔触封面);原样复制自 bolloon 项目,tools/import_covers.py 登记"
cover-thumbnail-613,HUSHFUSION,bolloon,image,thumbnail_613.jpg,assets/cover/thumbnail_613.jpg,compiled,docs/ASSETS.md,"点缀素材池(512×682 笔触封面);原样复制自 bolloon 项目,tools/import_covers.py 登记"
cover-thumbnail-614,HUSHFUSION,bolloon,image,thumbnail_614.jpg,assets/cover/thumbnail_614.jpg,compiled,docs/ASSETS.md,"点缀素材池(512×682 笔触封面);原样复制自 bolloon 项目,tools/import_covers.py 登记"
cover-thumbnail-622,HUSHFUSION,bolloon,image,thumbnail_622.jpg,assets/cover/thumbnail_622.jpg,compiled,docs/ASSETS.md,"点缀素材池(512×682 笔触封面);原样复制自 bolloon 项目,tools/import_covers.py 登记"
cover-thumbnail-626,HUSHFUSION,bolloon,image,thumbnail_626.jpg,assets/cover/thumbnail_626.jpg,compiled,docs/ASSETS.md,"点缀素材池(512×682 笔触封面);原样复制自 bolloon 项目,tools/import_covers.py 登记"
cover-thumbnail-627,HUSHFUSION,bolloon,image,thumbnail_627.jpg,assets/cover/thumbnail_627.jpg,compiled,docs/ASSETS.md,"点缀素材池(512×682 笔触封面);原样复制自 bolloon 项目,tools/import_covers.py 登记"
cover-thumbnail-640,HUSHFUSION,bolloon,image,thumbnail_640.jpg,assets/cover/thumbnail_640.jpg,compiled,docs/ASSETS.md,"点缀素材池(512×682 笔触封面);原样复制自 bolloon 项目,tools/import_covers.py 登记"
cover-thumbnail-663,HUSHFUSION,bolloon,image,thumbnail_663.jpg,assets/cover/thumbnail_663.jpg,compiled,docs/ASSETS.md,"点缀素材池(512×682 笔触封面);原样复制自 bolloon 项目,tools/import_covers.py 登记"
cover-thumbnail-67,HUSHFUSION,bolloon,image,thumbnail_67.jpg,assets/cover/thumbnail_67.jpg,compiled,docs/ASSETS.md,"点缀素材池(512×682 笔触封面);原样复制自 bolloon 项目,tools/import_covers.py 登记"
cover-thumbnail-686,HUSHFUSION,bolloon,image,thumbnail_686.jpg,assets/cover/thumbnail_686.jpg,compiled,docs/ASSETS.md,"点缀素材池(512×682 笔触封面);原样复制自 bolloon 项目,tools/import_covers.py 登记"
cover-thumbnail-687,HUSHFUSION,bolloon,image,thumbnail_687.jpg,assets/cover/thumbnail_687.jpg,compiled,docs/ASSETS.md,"点缀素材池(512×682 笔触封面);原样复制自 bolloon 项目,tools/import_covers.py 登记"
cover-thumbnail-70,HUSHFUSION,bolloon,image,thumbnail_70.jpg,assets/cover/thumbnail_70.jpg,compiled,docs/ASSETS.md,"点缀素材池(512×682 笔触封面);原样复制自 bolloon 项目,tools/import_covers.py 登记"
cover-thumbnail-701,HUSHFUSION,bolloon,image,thumbnail_701.jpg,assets/cover/thumbnail_701.jpg,compiled,docs/ASSETS.md,"点缀素材池(512×682 笔触封面);原样复制自 bolloon 项目,tools/import_covers.py 登记"
cover-thumbnail-82,HUSHFUSION,bolloon,image,thumbnail_82.jpg,assets/cover/thumbnail_82.jpg,compiled,docs/ASSETS.md,"点缀素材池(512×682 笔触封面);原样复制自 bolloon 项目,tools/import_covers.py 登记"
cover-thumbnail-838,HUSHFUSION,bolloon,image,thumbnail_838.jpg,assets/cover/thumbnail_838.jpg,compiled,docs/ASSETS.md,"点缀素材池(512×682 笔触封面);原样复制自 bolloon 项目,tools/import_covers.py 登记"
cover-thumbnail-840,HUSHFUSION,bolloon,image,thumbnail_840.jpg,assets/cover/thumbnail_840.jpg,compiled,docs/ASSETS.md,"点缀素材池(512×682 笔触封面);原样复制自 bolloon 项目,tools/import_covers.py 登记"
cover-thumbnail-845,HUSHFUSION,bolloon,image,thumbnail_845.jpg,assets/cover/thumbnail_845.jpg,compiled,docs/ASSETS.md,"点缀素材池(512×682 笔触封面);原样复制自 bolloon 项目,tools/import_covers.py 登记"
cover-thumbnail-849,HUSHFUSION,bolloon,image,thumbnail_849.jpg,assets/cover/thumbnail_849.jpg,compiled,docs/ASSETS.md,"点缀素材池(512×682 笔触封面);原样复制自 bolloon 项目,tools/import_covers.py 登记"
cover-thumbnail-889,HUSHFUSION,bolloon,image,thumbnail_889.jpg,assets/cover/thumbnail_889.jpg,compiled,docs/ASSETS.md,"点缀素材池(512×682 笔触封面);原样复制自 bolloon 项目,tools/import_covers.py 登记"
cover-thumbnail-892,HUSHFUSION,bolloon,image,thumbnail_892.jpg,assets/cover/thumbnail_892.jpg,compiled,docs/ASSETS.md,"点缀素材池(512×682 笔触封面);原样复制自 bolloon 项目,tools/import_covers.py 登记"
cover-thumbnail-913,HUSHFUSION,bolloon,image,thumbnail_913.jpg,assets/cover/thumbnail_913.jpg,compiled,docs/ASSETS.md,"点缀素材池(512×682 笔触封面);原样复制自 bolloon 项目,tools/import_covers.py 登记"
cover-thumbnail-950,HUSHFUSION,bolloon,image,thumbnail_950.jpg,assets/cover/thumbnail_950.jpg,compiled,docs/ASSETS.md,"点缀素材池(512×682 笔触封面);原样复制自 bolloon 项目,tools/import_covers.py 登记"
cover-thumbnail-958,HUSHFUSION,bolloon,image,thumbnail_958.jpg,assets/cover/thumbnail_958.jpg,compiled,docs/ASSETS.md,"点缀素材池(512×682 笔触封面);原样复制自 bolloon 项目,tools/import_covers.py 登记"
cover-thumbnail-973,HUSHFUSION,bolloon,image,thumbnail_973.jpg,assets/cover/thumbnail_973.jpg,compiled,docs/ASSETS.md,"点缀素材池(512×682 笔触封面);原样复制自 bolloon 项目,tools/import_covers.py 登记"
cover-thumbnail-983,HUSHFUSION,bolloon,image,thumbnail_983.jpg,assets/cover/thumbnail_983.jpg,compiled,docs/ASSETS.md,"点缀素材池(512×682 笔触封面);原样复制自 bolloon 项目,tools/import_covers.py 登记"
cover-thumbnail-999,HUSHFUSION,bolloon,image,thumbnail_999.jpg,assets/cover/thumbnail_999.jpg,compiled,docs/ASSETS.md,"点缀素材池(512×682 笔触封面);原样复制自 bolloon 项目,tools/import_covers.py 登记"
hero-art-tokamak-wide,HUSHFUSION,需方,image,art-tokamak-wide.png,assets/hero/art-tokamak-wide.png,compiled,index.html; assets/manifest.json; docs/ASSETS.md,主视觉切片;自源图 clip_20260917_101147_1.png 确定性裁剪(tools/slice_assets.py)
hero-art-tokamak,HUSHFUSION,需方,image,art-tokamak.png,assets/hero/art-tokamak.png,compiled,index.html; assets/manifest.json; docs/ASSETS.md,主视觉切片;自源图 clip_20260917_101147_1.png 确定性裁剪(tools/slice_assets.py)
hero-poster-full,HUSHFUSION,需方,image,poster-full.png,assets/hero/poster-full.png,compiled,index.html; assets/manifest.json; docs/ASSETS.md,主视觉切片;自源图 clip_20260917_101147_1.png 确定性裁剪(tools/slice_assets.py)
shot-about,HUSHFUSION,自制(验收脚本),image,about.png,docs/screenshots/about.png,compiled,scripts/verify-site.mjs,"真浏览器验收自动产出的全页/窄屏截图(留档),非设计源素材"
shot-hibs,HUSHFUSION,自制(验收脚本),image,hibs.png,docs/screenshots/hibs.png,compiled,scripts/verify-site.mjs,"真浏览器验收自动产出的全页/窄屏截图(留档),非设计源素材"
shot-index,HUSHFUSION,自制(验收脚本),image,index.png,docs/screenshots/index.png,compiled,scripts/verify-site.mjs,"真浏览器验收自动产出的全页/窄屏截图(留档),非设计源素材"
shot-nav-390-open,HUSHFUSION,自制(验收脚本),image,nav-390-open.png,docs/screenshots/nav-390-open.png,compiled,scripts/verify-site.mjs,"真浏览器验收自动产出的全页/窄屏截图(留档),非设计源素材"
shot-nav-390,HUSHFUSION,自制(验收脚本),image,nav-390.png,docs/screenshots/nav-390.png,compiled,scripts/verify-site.mjs,"真浏览器验收自动产出的全页/窄屏截图(留档),非设计源素材"
shot-progress,HUSHFUSION,自制(验收脚本),image,progress.png,docs/screenshots/progress.png,compiled,scripts/verify-site.mjs,"真浏览器验收自动产出的全页/窄屏截图(留档),非设计源素材"
icon-apple-touch-icon,HUSHFUSION,需方,image,apple-touch-icon.png,icons/apple-touch-icon.png,compiled,index.html; icons/,站点图标;由需方消音波形标识派生(见 logo-wave-1254 行)
icon-apple-touch-icon-day,HUSHFUSION,需方,image,apple-touch-icon--day.png,icons/apple-touch-icon--day.png,compiled,index.html; icons/,站点图标(昼间配色:浅海蓝绿底 #C9DDD5 + 深墨绿波形 #11302A);由需方消音波形标识派生(见 logo-wave-1254 行)
icon-favicon-32,HUSHFUSION,需方,image,favicon-32.png,icons/favicon-32.png,compiled,index.html; icons/,站点图标;由需方消音波形标识派生(见 logo-wave-1254 行)
icon-favicon-32-day,HUSHFUSION,需方,image,favicon-32--day.png,icons/favicon-32--day.png,compiled,index.html; icons/,站点图标(昼间配色:浅海蓝绿底 #C9DDD5 + 深墨绿波形 #11302A);由需方消音波形标识派生(见 logo-wave-1254 行)
donation-plan-ai-draft-20260922,HUSHFUSION,AI(第三方模型),doc,donation-fund-plan-ai-draft-20260922.md,internal_sources/donation-plan/donation-fund-plan-ai-draft-20260922.md,compiled,docs/DONATION-FUND-PLAN.md; docs/wiki/donation-open-research-fund.md; docs/DESIGN-PLAN.md (§7.7),"需方 2026-09-22 提供的「AI 设计的计划」原文(带归档头逐字存档);公开支持 / Open Research Fund 的**设计输入,不是结论**;sha256 b5545edf8daa2c827b3f1f58fb64069ec60d71a0111dbce770a24a10f1dc6a0c;5634 字节;编译产物改写三条:非托管金库 / v1 不引 ReentrancyGuard / 暂停权限的真实半径"
screenshot-theory-20260917,HUSHFUSION,本仓库(scripts/verify-site.mjs 产出),image,theory.png,docs/screenshots/theory.png,compiled,theory.html,"理论页真浏览器验收截图(verify-site.mjs 产出,1280×900);2026-09-17 新增理论页时漏登记,2026-09-22 补登(untracked_raw_check 在 CI 报红)"
donation-decisions-20260922,HUSHFUSION,需方 leo,doc,donation-decisions-20260922.md,internal_sources/donation-plan/donation-decisions-20260922.md,compiled,docs/DONATION-FUND-PLAN.md (§2.5/§7.1–7.4); docs/wiki/donation-open-research-fund.md; docs/DESIGN-PLAN.md (§7.7),需方 2026-09-22 第二轮决策(带归档头逐字存档):托管 = Safe 托管、金库可换(两步 + 48h + 只接受合约地址)、个人过渡主体 → 公司迁移、三套账分账、治理与审计原则;sha256 c680c178035934f6ac380299b6d0f6b61c4f680357aa9fc0e33b886044dec78b;4554 字节
donation-security-and-phases-20260922,HUSHFUSION,需方 leo,doc,donation-security-and-phases-20260922.md,internal_sources/donation-plan/donation-security-and-phases-20260922.md,compiled,docs/DONATION-FREEZE.md; docs/DONATION-FUND-PLAN.md (§零/§2.1/§2.3/§2.5/§五/§十三); docs/wiki/donation-open-research-fund.md,需方 2026-09-22 第三轮:安全修正(`code.length>0` 不能证明是 Safe ⇒ Safe 身份校验)+ 六阶段执行计划;sha256 68ca90e0b749b78ce1dc8aace05c946eefc2450ff5403a55e1c0229015ea9580;5054 字节
donation-legal-gate-20260922,HUSHFUSION,需方 leo,doc,donation-legal-gate-20260922.md,internal_sources/donation-plan/donation-legal-gate-20260922.md,compiled,docs/DONATION-FUND-PLAN.md (§10.1–10.1.3); docs/DONATION-FREEZE.md (§八/§九/§十一); docs/wiki/donation-open-research-fund.md,需方 2026-09-22 第四轮:法律闸门 —— 「中文公开网站+面向公众+收 ETH/个人过渡主体」高风险组合;两条合规路线(境内科研支持 / 境外加密捐赠);降级路线=区块链只当公开审计记录层;sha256 20e12aa44e81f9e53f1b7e0df7baa5a1f85e0b77f346c798f1fd50f4ac8337d7;2818 字节
donation-route-decision-20260922,HUSHFUSION,需方 leo,doc,donation-route-decision-20260922.md,internal_sources/donation-plan/donation-route-decision-20260922.md,compiled,docs/RECORDS-LAYER-PLAN.md; docs/FUNDING-JURISDICTION-SCREENING.md; docs/GUARDIAN-DESIGN.md; docs/DONATION-FREEZE.md (v1.2),需方 2026-09-22 第五轮路线决策:境外募资 + 首页公开记录 + 收款侧冻结(GUARDIAN 阻塞);阶段内只推进记录层/法域筛选/GUARDIAN 三项;sha256 3dee8473bbc3e3e1156a3d9110a2c674f5e1406f51854043720181b99a3ded65;3525 字节
fig-antigravity-ring,HUSHFUSION,Hibs-Physics,image,antigravity-ring.png,assets/art/antigravity-ring.png,compiled,theory.html; assets/figures.manifest.json; docs/ASSETS.md §九; docs/CONTENT-SOURCES.md §五,"反引力约束聚变环 · 装置系统示意图;源自 logos-42/Hibs-Physics 的 artifacts/antigravityconfinement/fig_confinement_ring.png(commit fea6a3e,tools/import_figures.py 等比降采样导入);sha256 b1f959a3116d2271051047ae2f860f7e41d79355172e62285e1ac2eee7bc620a;335612 字节;源图 sha256 fc59e5ef8aae5dfc…"
fig-antigravity-mu-window,HUSHFUSION,Hibs-Physics,image,antigravity-mu-window.png,assets/art/antigravity-mu-window.png,compiled,theory.html; assets/figures.manifest.json; docs/ASSETS.md §九; docs/CONTENT-SOURCES.md §五,"反引力约束的 μ 工作区间(τ_E 提升 vs RMF 天花板);源自 logos-42/Hibs-Physics 的 artifacts/antigravityconfinement/fig_mu_working_window.png(commit fea6a3e,tools/import_figures.py 等比降采样导入);sha256 a22c995565486e26faa6e80bb73dd420247dc1e5f670822b2cc04eedfec062d0;191243 字节;源图 sha256 bd1a6073161a109f…"
fig-antigravity-field-map,HUSHFUSION,Hibs-Physics,image,antigravity-field-map.png,assets/art/antigravity-field-map.png,compiled,theory.html; assets/figures.manifest.json; docs/ASSETS.md §九; docs/CONTENT-SOURCES.md §五,"轴向磁场 B_z(r,z) 分布(场反位形);源自 logos-42/Hibs-Physics 的 artifacts/antigravityconfinement/fig_field_map.png(commit fea6a3e,tools/import_figures.py 等比降采样导入);sha256 1e22a111cc66c943153e22c92e21a76cebcf02975ea59e93135b109d96ed0732;172541 字节;源图 sha256 1e22a111cc66c943…"
fig-antigravity-field-line,HUSHFUSION,Hibs-Physics,image,antigravity-field-line.png,assets/art/antigravity-field-line.png,compiled,theory.html; assets/figures.manifest.json; docs/ASSETS.md §九; docs/CONTENT-SOURCES.md §五,"磁力线走向(分离面内闭合 / 面外开放);源自 logos-42/Hibs-Physics 的 artifacts/antigravityconfinement/fig_field_line.png(commit fea6a3e,tools/import_figures.py 等比降采样导入);sha256 08ad30b8818a08c6d21a60927149b2b34735eee37f3b3861ef627daaea2c8379;406974 字节;源图 sha256 08ad30b8818a08c6…"
fig-moire-field-ceiling,HUSHFUSION,Hibs-Physics,image,moire-field-ceiling.png,assets/art/moire-field-ceiling.png,compiled,theory.html; assets/figures.manifest.json; docs/ASSETS.md §九; docs/CONTENT-SOURCES.md §五,"场源天花板 → 密度上限与功率密度(n∝B², P∝B⁴);源自 logos-42/Hibs-Physics 的 artifacts/moirefield/fig_field_ceiling_scaling.png(commit fea6a3e,tools/import_figures.py 等比降采样导入);sha256 d2cabd4312746279a12f736bb2befc697a6cc62629f9b12ef57a6f5c3a22179e;126687 字节;源图 sha256 d2cabd4312746279…"
fig-moire-mu-verdict,HUSHFUSION,Hibs-Physics,image,moire-mu-verdict.png,assets/art/moire-mu-verdict.png,compiled,theory.html; assets/figures.manifest.json; docs/ASSETS.md §九; docs/CONTENT-SOURCES.md §五,"μ 窗口判决(所需 1−μ 上限 vs 硬地板 m_e/m_i);源自 logos-42/Hibs-Physics 的 artifacts/moirefield/fig_mu_window_verdict.png(commit fea6a3e,tools/import_figures.py 等比降采样导入);sha256 6fc952df662415760e206f7327d76cf3117e043743d67f9d6231b9e1dfd2a79a;89376 字节;源图 sha256 6fc952df66241576…"
fig-moire-bdeath-size,HUSHFUSION,Hibs-Physics,image,moire-bdeath-size.png,assets/art/moire-bdeath-size.png,compiled,theory.html; assets/figures.manifest.json; docs/ASSETS.md §九; docs/CONTENT-SOURCES.md §五,"生死判据 B_death ∝ 1/a 与三条材料天花板;源自 logos-42/Hibs-Physics 的 artifacts/moirefield/fig_Bdeath_vs_size.png(commit fea6a3e,tools/import_figures.py 等比降采样导入);sha256 c1170f012856b277a2e9a5c16d30a60e04964687472644f0bc8d1a613dbf5ef9;80698 字节;源图 sha256 c1170f012856b277…"
fig-moire-gate-gaps,HUSHFUSION,Hibs-Physics,image,moire-gate-gaps.png,assets/art/moire-gate-gaps.png,compiled,theory.html; assets/figures.manifest.json; docs/ASSETS.md §九; docs/CONTENT-SOURCES.md §五,"四道门的缺口(场 / 载流 / 片超流密度 / 制冷);源自 logos-42/Hibs-Physics 的 artifacts/moirefield/fig_gate_gaps.png(commit fea6a3e,tools/import_figures.py 等比降采样导入);sha256 f6ba5c2e7cb253199170e87fd016595661ea21a98ad55b9cdb3e8f34ac208fc6;42490 字节;源图 sha256 f6ba5c2e7cb25319…"
fig-material-bom-excluded,HUSHFUSION,Hibs-Physics,image,fig_material.png,artifacts/antigravityconfinement/fig_material.png,archived,"(不入站,见 figures.manifest.json excluded)",材料清单(BOM)图含逐件「参考价」⇒ 公开页不放未核实的成本数字(金额不入站);材料清单(BOM)图含逐件「参考价」——公开页不放未核实的成本数字(金额不入站);内部留档在 Hibs-Physics 仓库 artifacts/ 下
shot-docs,HUSHFUSION,自制(验收脚本),image,docs.png,docs/screenshots/docs.png,compiled,scripts/verify-site.mjs,"docs.html 全页验收截图(verify-site.mjs 产出);页面由 theory.html 改名而来,截图名随之变化,承接 screenshot-theory-20260917;2026-09-26 补登(untracked_raw_check 在 CI 报红)"
fig-mu-dynamics,HUSHFUSION,Hibs-Physics,image,mu-dynamics.png,assets/art/mu-dynamics.png,compiled,docs.html; assets/figures.manifest.json; docs/CONTENT-SOURCES.md §七,"μ 动力学(TD1–TD21)示意图;源自 logos-42/Hibs-Physics 的 artifacts/mudynamics/fig_mu_dynamics.png(tools/import_figures.py 等比降采样导入);sha256 93d7b96ff80634d355f17fd65d309d287b2f20691bbd0fb250fe52b86c497802;259212 字节;2026-09-24 新增第 06 册时漏登记,2026-09-26 补登(untracked_raw_check 在 CI 报红)"
